{"cameraMode":{"drawMode":0,"name":"Shaded","section":"Shading Mode"},"sceneLighting":true,"audioPlay":false,"sceneViewState":{"showFog":true,"showMaterialUpdate":false,"showSkybox":true,"showFlares":true,"showImageEffects":true,"showParticleSystems":true},"in2DMode":false,"pivot":{"x":11.183696746826172,"y":13.095008850097657,"z":11.087783813476563},"rotation":{"x":-0.3152954876422882,"y":0.23766136169433595,"z":-0.08188475668430329,"w":-0.9150969982147217},"size":129.57666015625,"orthographic":false}